sample	count	spacer	locus_tag	unique_name
AC37	471	AATATCCTTAAAAAACCAGA		
AC37	230	CCAGCACTACCATCCATAAT	GO593_05480	lpxC
AC61	183	AATATCCTTAAAAAACCAGA		
AC61	180	ACAATTTGACGATCTTGCAA	GO593_09950	nuoB
AC62	487	AATATCCTTAAAAAACCAGA		
AC62	504	ACAATTTGACGATCTTGCAA	GO593_09950	nuoB
AC63	396	AATATCCTTAAAAAACCAGA		
AC63	127	ACAATTTGACGATCTTGCAA	GO593_09950	nuoB
AC64	612	AATATCCTTAAAAAACCAGA		
AC64	201	ACAATTTGACGATCTTGCAA	GO593_09950	nuoB
AC65	858	AATATCCTTAAAAAACCAGA		
AC65	394	ACAATTTGACGATCTTGCAA	GO593_09950	nuoB
AC66	715	AATATCCTTAAAAAACCAGA		
AC66	387	ACAATTTGACGATCTTGCAA	GO593_09950	nuoB
AC67	297	AATATCCTTAAAAAACCAGA		
AC67	31	ACAATTTGACGATCTTGCAA	GO593_09950	nuoB
AC68	421	AATATCCTTAAAAAACCAGA		
AC68	45	ACAATTTGACGATCTTGCAA	GO593_09950	nuoB
AC69	416	AATATCCTTAAAAAACCAGA		
AC69	752	ACAATTTGACGATCTTGCAA	GO593_09950	nuoB
AC70	992	AATATCCTTAAAAAACCAGA		
AC70	1185	ACAATTTGACGATCTTGCAA	GO593_09950	nuoB
AC71	176	AATATCCTTAAAAAACCAGA		
AC71	208	CCAGCACTACCATCCATAAT	GO593_05480	lpxC
AC72	244	AATATCCTTAAAAAACCAGA		
AC72	279	CCAGCACTACCATCCATAAT	GO593_05480	lpxC
AC73	433	AATATCCTTAAAAAACCAGA		
AC73	242	CCAGCACTACCATCCATAAT	GO593_05480	lpxC
AC74	365	AATATCCTTAAAAAACCAGA		
AC74	210	CCAGCACTACCATCCATAAT	GO593_05480	lpxC
AC75	358	AATATCCTTAAAAAACCAGA		
AC75	170	CCAGCACTACCATCCATAAT	GO593_05480	lpxC
AC76	544	AATATCCTTAAAAAACCAGA		
AC76	328	CCAGCACTACCATCCATAAT	GO593_05480	lpxC
AC77	566	AATATCCTTAAAAAACCAGA		
AC77	287	CCAGCACTACCATCCATAAT	GO593_05480	lpxC
AC78	1924	AATATCCTTAAAAAACCAGA		
AC78	966	CCAGCACTACCATCCATAAT	GO593_05480	lpxC
AC79	1976	AATATCCTTAAAAAACCAGA		
AC80	707	AATATCCTTAAAAAACCAGA		
