sample	count	spacer	locus_tag	unique_name	barcode_proportion_of_matches	all_matches	all_reads	all_matches_proportion
AC37	471	AATATCCTTAAAAAACCAGA			0.669034	704	2140	0.328972
AC37	230	CCAGCACTACCATCCATAAT	GO593_05480	lpxC	0.326705	704	2140	0.328972
AC61	183	AATATCCTTAAAAAACCAGA			0.502747	364	1090	0.333945
AC61	180	ACAATTTGACGATCTTGCAA	GO593_09950	nuoB	0.494505	364	1090	0.333945
AC62	487	AATATCCTTAAAAAACCAGA			0.488465	997	3090	0.322654
AC62	504	ACAATTTGACGATCTTGCAA	GO593_09950	nuoB	0.505517	997	3090	0.322654
AC63	396	AATATCCTTAAAAAACCAGA			0.754286	525	1666	0.315126
AC63	127	ACAATTTGACGATCTTGCAA	GO593_09950	nuoB	0.241905	525	1666	0.315126
AC64	612	AATATCCTTAAAAAACCAGA			0.751843	814	2332	0.349057
AC64	201	ACAATTTGACGATCTTGCAA	GO593_09950	nuoB	0.246929	814	2332	0.349057
AC65	858	AATATCCTTAAAAAACCAGA			0.684211	1254	3590	0.349304
AC65	394	ACAATTTGACGATCTTGCAA	GO593_09950	nuoB	0.314195	1254	3590	0.349304
AC66	715	AATATCCTTAAAAAACCAGA			0.647645	1104	3420	0.322807
AC66	387	ACAATTTGACGATCTTGCAA	GO593_09950	nuoB	0.350543	1104	3420	0.322807
AC67	297	AATATCCTTAAAAAACCAGA			0.902736	329	1066	0.30863
AC67	31	ACAATTTGACGATCTTGCAA	GO593_09950	nuoB	0.0942249	329	1066	0.30863
AC68	421	AATATCCTTAAAAAACCAGA			0.901499	467	1376	0.33939
AC68	45	ACAATTTGACGATCTTGCAA	GO593_09950	nuoB	0.0963597	467	1376	0.33939
AC69	416	AATATCCTTAAAAAACCAGA			0.356164	1168	3400	0.343529
AC69	752	ACAATTTGACGATCTTGCAA	GO593_09950	nuoB	0.643836	1168	3400	0.343529
AC70	992	AATATCCTTAAAAAACCAGA			0.455255	2179	6088	0.357917
AC70	1185	ACAATTTGACGATCTTGCAA	GO593_09950	nuoB	0.543827	2179	6088	0.357917
AC71	176	AATATCCTTAAAAAACCAGA			0.457143	385	1084	0.355166
AC71	208	CCAGCACTACCATCCATAAT	GO593_05480	lpxC	0.54026	385	1084	0.355166
AC72	244	AATATCCTTAAAAAACCAGA			0.465649	524	1390	0.376978
AC72	279	CCAGCACTACCATCCATAAT	GO593_05480	lpxC	0.532443	524	1390	0.376978
AC73	433	AATATCCTTAAAAAACCAGA			0.640533	676	2035	0.332187
AC73	242	CCAGCACTACCATCCATAAT	GO593_05480	lpxC	0.357988	676	2035	0.332187
AC74	365	AATATCCTTAAAAAACCAGA			0.633681	576	1934	0.297828
AC74	210	CCAGCACTACCATCCATAAT	GO593_05480	lpxC	0.364583	576	1934	0.297828
AC75	358	AATATCCTTAAAAAACCAGA			0.676749	529	1511	0.350099
AC75	170	CCAGCACTACCATCCATAAT	GO593_05480	lpxC	0.321361	529	1511	0.350099
AC76	544	AATATCCTTAAAAAACCAGA			0.621714	875	2720	0.321691
AC76	328	CCAGCACTACCATCCATAAT	GO593_05480	lpxC	0.374857	875	2720	0.321691
AC77	566	AATATCCTTAAAAAACCAGA			0.662763	854	2655	0.321657
AC77	287	CCAGCACTACCATCCATAAT	GO593_05480	lpxC	0.336066	854	2655	0.321657
AC78	1924	AATATCCTTAAAAAACCAGA			0.664594	2895	8454	0.342441
AC78	966	CCAGCACTACCATCCATAAT	GO593_05480	lpxC	0.333679	2895	8454	0.342441
AC79	1976	AATATCCTTAAAAAACCAGA			0.994464	1987	5503	0.361076
AC80	707	AATATCCTTAAAAAACCAGA			0.995775	710	2054	0.345667
